"Artista","artist_id","genres","mapped_genre"
"Amaia Montero","4LbuSjHhhAddvN44qXpRJo","latin arena pop, latin pop, spanish pop, spanish pop rock","pop"
"Anastacia","2siHvYaxjaW5rKVRiIrMYH","pop soul",""
"Bob Sinclar","5YFS41yoX0YuFY39fq21oN","disco house, filter house","disco house, house"
"Carlos Goñi","3pO5VjZ4wOHCMBXOvbMISG","bossa nova, brazilian classical, brazilian jazz, latin classical, mpb, violao","bossa nova, jazz, mpb"
"Coti","7fM0h2CG7zKqKc0jEa1b4R","gymcore",""
"Cristina Lliso","6QR1AY1rDfxPiRAOESq7ND","rock espanol",""
"David Summers","38DCnAQ5QAcMW9TSnsgYGt","pop, rock, rock en espanol","pop, rock"
"Diego Martín","11hjHVQqlILSd06PxUKpfW","pop","pop"
"Diego Torres","0LALueHEQunQ2d61fXGeZh","latin pop, pop argentino","pop"
"Efecto Mariposa","2fFrIDTV1Tk8MwAv4OJiY5","spanish pop, spanish pop rock","pop"
"Joana Zimmer","340O8IdnPypHteCD0Z5DPL","pop","pop"
"Luis Auserón","5be17joWI5uVyvMP9x48O3","musica aragonesa",""
"Mary J. Blige","1XkoF8ryArs86LZvFOkbyr","dance pop, hip pop, neo soul, r&b, urban contemporary","dance pop, hip hop, soul, r&b, urban contemporary"
"Moby","3OsRAKCvk37zwYcnzRf5XF","downtempo, electronica","electro"
"Mylo","5YjEVrNMrIRw2xGbjTN6Ti","disco house, filter house","disco house, house"
"Nacho Cano","3sNPNZwXgDcCY71Jqa7kMe","mexican pop, spanish pop","pop"
"Nelly Furtado","2jw70GZXlAI8QzWeY2bgRc","canadian latin, canadian pop, dance pop, pop","pop, dance pop"
"Revólver","7HrjlhMxsSmg9YUv8izpVu","rock espanol",""
"Santana","6GI52t8N5F02MxU0g5U69P","blues rock, classic rock, mexican classic rock","blues rock, classic rock"
"Shakira","0EmeFodog0BfCgMzAIvKQp","colombian pop, dance pop, latin pop, pop","pop, dance pop"
"Sérgio Mendes","65c5si0ePAwkOCn4M35Ho7","bossa nova, brazilian jazz, samba","bossa nova, jazz, samba"
"The Pussycat Dolls","6wPhSqRtPu1UhRCDX5yaDJ","dance pop, girl group, pop","dance pop, other, pop"
"Álex Ubago","2tY2GFdhH0Wa2VBvsxew5X","latin arena pop, latin pop, spanish pop, spanish pop rock","pop"
"Alejandro Sanz","5sUrlPAHlS9NEirDB8SEbF","cantautor, latin arena pop, latin pop, mexican pop","pop"
"Andrés Calamaro","3tAICgiSR5PfYY4B8qsoAU","argentine rock, cantautor, latin alternative, latin rock, pop argentino, rock en espanol","indie, rock, pop"
"Antonio Carmona","1YVEF2N8QHkkQ84LM51Xyo","flamenco, pop flamenco, rumba, spanish pop","pop"
"Chad Kroeger","7fJYw1vK9yWb8o51I8qHin","rock","rock"
"David Tavaré","0HXSR2BeI0nXqc6Nlr65eq","dance, electro, pop","electro, pop"
"Eros Ramazzotti","61J0BktHv7PuP3tjTPYXSX","italian adult pop, mexican pop","pop"
"Jarabe de Palo","5B6H1Dq77AV1LZWrbNsuH5","latin alternative, latin rock, rock en espanol, spanish pop, spanish rock","indie, rock, pop"
"Julieta Venegas","2QWIScpFDNxmS6ZEMIUvgm","cantautora mexicana, latin alternative, latin pop, latin rock, rock en espanol","indie, pop, rock"
"Melocos","0z6j39UlwCJvfqNzgB55v5","spanish pop","pop"
"Miguel Bosé","7mWCSSOYqm4E9mB7V4ot6S","latin pop, mexican pop","pop"
"Nek","5mXMQJHLLfym1KyNcDrhoZ","europop, italian adult pop","europop"
"Pereza","6mfK6Q2tzLMEchAr0e9Uzu","spanish pop, spanish pop rock, spanish rock","pop"
"Ricky Martin","7slfeZO9LsJbWgpkIoXBUJ","latin pop, mexican pop, puerto rican pop","pop"
"The Corrs","1VbWUxZTRNY2gw3qZ1tg9W","celtic rock, europop, pop rock","rock, europop, pop rock"
"Craig David","2JyWXPbkqI5ZJa3gwqVa0c","british soul","soul"
"Justin Timberlake","31TPClRtHm23RisEBtV3X7","dance pop, pop","dance pop, pop"
"Lucas Masciano","1Q4zkNJkrKBh8AW3LZNVRU","spanish pop rock",""
"Madonna","6tbjWDEIzxoDsBA1FuhfPW","dance pop, pop","dance pop, pop"
"Rihanna","5pKCCKE2ajJHZ9KAiaK11H","barbadian pop, pop, urban contemporary","pop, urban contemporary"
"Taxi","7rDdcCIz0abQeshcaoFVxp","thai rock",""
"Carlos Baute","3smfreCkyJt7bShaTYpG77","latin pop, spanish pop","pop"
"David Guetta","1Cs0zKBU1kc0i8ypK3B9ai","big room, dance pop, edm, pop, pop dance","house, dance pop, electro, pop"
"Guru Josh Project","4ME85YvMUi1hdqhbind7gy","acid house, pop house","pop house"
"James Morrison","3LpLGlgRS1IKPPwElnpW35","neo mellow","indie"
"Jason Mraz","4phGZZrJZRo4ElhRtViYdl","acoustic pop, dance pop, neo mellow, pop","pop, dance pop, indie"
"Joaquín Sabina","4aeIWo5CMF1uRmqgJdwkZW","cantautor, spanish pop, trova","pop"
"Lady GaGa","1HY2Jd0NmPuamShAr6KMms","art pop, dance pop, pop","pop, dance pop"
"Laura Pausini","2e4nwiX8ZCU09LGLOpeqTH","europop, italian adult pop, latin arena pop, mexican pop","europop, pop"
"Manuel Carrasco","7qAoXV4U0qDxQAUqhszjAA","carnaval cadiz, pop flamenco, spanish pop","pop"
"Marc Anthony","4wLXwxDeWQ8mtUIRPxGiD6","latin pop, modern salsa, salsa, tropical","pop, salsa, tropical"
"Pignoise","21ttsUKZ3y2Hm6nduyvbAw","spanish pop, spanish pop rock","pop"
"Akon","0z4gvV4rjIZ9wHck67ucSV","dance pop","dance pop"
"Aleks Syntek","0r8toju2ecKaVtItkzAnNi","latin arena pop, latin pop, mexican pop","pop"
"Anni B. Sweet","0S2pLaAtWA8lyNyLSdpnbw","granada indie, spanish indie folk, spanish indie pop","indie pop"
"Antoine Clamaran","2LTa2TleomBhi05k8khxCF","circuit, disco house, tribal house","other, disco house"
"B.o.B","5ndkK3dpZLKtBklKjxNQwT","atl hip hop, dance pop, pop rap, rap, southern hip hop","hip hop, dance pop, pop rap, rap"
"Bebe","64M6ah0SkkRsnPGtGiRAbb","dance pop, pop","dance pop, pop"
"Belinda","5LeiVcEnsZcwc133TUhJNW","latin arena pop, latin pop, mexican pop","pop"
"DCUP","0la80TEgq7sHeIKsZPBcQD","dance, electro, hip hop, rap","electro, hip hop, rap"
"Edward Maya","6XwwFnewNgWp81MYMK8zLq","romanian house, romanian pop","pop"
"El Pescao","4cA5JN7tiNZ8afYeuSQj5h","latin arena pop, spanish pop","pop"
"Eminem","7dGJo4pcD2V6oG8kP0tJRR","detroit hip hop, hip hop, rap","hip hop, rap"
"Flo Rida","0jnsk9HBra6NMjO2oANoPY","dance pop, miami hip hop, pop, pop rap","dance pop, hip hop, pop, pop rap"
"Inna","2w9zwq3AktTeYYMuhMjju8","dance pop, romanian house, romanian pop","dance pop, pop"
"K'naan","7pGyQZx9thVa8GxMBeXscB","reggae fusion","reggae"
"Macaco","7mUBMaZW1MXGswaneb0JTT","latin alternative","indie"
"Michael Jackson","3fMbdgg4jU18AjLCKBhRSm","r&b, soul","r&b, soul"
"Owl City","07QEuhtrNmmZ0zEcqE9SF6","indietronica, pop","indietronica, pop"
"Rosario","05xSLrRgGwm2nCH2SmnNMW","cantautor, spanish pop","pop"
"Timbaland","5Y5TRrQiqgUO4S36tzjIRZ","dance pop, pop, pop rap","dance pop, pop, pop rap"
"Travie McCoy","7o9Nl7K1Al6NNAHX6jn6iG","pop rap","pop rap"
"Afrojack","4D75GcNG95ebPtNvoNVXhz","big room, dance pop, dutch house, edm, electro house, pop dance, progressive electro house","house, dance pop, electro, electro house"
"Alex Gaudino","7vb7VLDqpLTlAy1ctTMR5d","disco house, vocal house","disco house, house"
"Andreea D","3reJRueRGl3Nt8iXDcRPA6","dance, electro","electro"
"André Olà","3wBPUdIKGpmOpm6EvuLKMj","canadian classical piano, classical piano",""
"Beatriz Luengo","23cijmutocNvhM5xkcyyFF","spanish pop, spanish pop rock","pop"
"Carlos Jean","2w1UJL5kYJJkvjo71fQjOB","vallenato","vallenato"
"DJ Frank E","4yt2wdqvcHygghx9iNUb6i","reggae","reggae"
"Despistaos","0QE9iXPzgSaBq34OqIZ4n2","latin arena pop, spanish pop, spanish pop rock","pop"
"Don Omar","33ScadVnbm2X8kkUqOkC6Z","latin hip hop, puerto rican pop, reggaeton, trap latino, urbano latino","hip hop, pop, reggaeton, trap"
"Enrique Iglesias","7qG3b048QCHVRO5Pv1T5lw","dance pop, latin pop, mexican pop","dance pop, pop"
"GoonRock","53sIBaVjXQhfH89Vu6nEGh","pop","pop"
"Gym Class Heroes","4IJczjB0fJ04gs4uvP0Fli","dance pop, pop rap","dance pop, pop rap"
"Jennifer López","2DlGxzQSjYe5N6G9nkYghR","dance pop, pop, urban contemporary","dance pop, pop, urban contemporary"
"Jessie J","2gsggkzM5R49q6jpPvazou","dance pop, pop","dance pop, pop"
"Jimmy Joker","20k4RFKXyboeDSz9bjumx0","blues, chicago blues, traditional blues",""
"LMFAO","3sgFRtyBnxXD5ESfmbK4dl","dance pop, pop, pop rap","dance pop, pop, pop rap"
"La Musicalité","2BpVONSgzl4nLsdaXay69W","spanish pop rock",""
"Lil Wayne","55Aa2cqylxrFIXC767Z865","hip hop, new orleans rap, pop rap, rap, trap","hip hop, rap, pop rap, trap"
"Mandy Santos","6qLMgbFKUGfY46zKx2oQRC","pop, electro, dance, indie","pop, electro"
"Maroon 5","04gDigrS5kc9YWfZHwBETP","pop","pop"
"Marta Sánchez","368rTiMKMrz3b03az6B14w","latin pop, spanish pop","pop"
"Martin Solveig","1bj5GrcLom5gZFF5t949Xl","disco house, edm, electro house, filter house, house, pop dance, vocal house","disco house, electro, electro house, house"
"Mohombi","37GUqxafAvAKGMZbXCUnmr","pop","pop"
"Nayer","1ruutHJcECI7cos2n5TqpO","deep dance pop",""
"Pitbull","0TnOYISbd1XYRBk9myaseg","dance pop, miami hip hop, pop","dance pop, hip hop, pop"
"Play","699OTQXzgjhIYAHMy9RyPD","atl hip hop, plugg, pluggnb, rage rap, rap","hip hop, rap"
"Sasha Lopez","3ZASW3RrHBbSRkNLjOrAFF","romanian house, romanian pop","pop"
"Sean Paul","3Isy6kedDrgPYoTS1dazA9","dance pop, dancehall, pop, pop rap","dance pop, dancehall, pop, pop rap"
"Snoop Dogg","7hJcb9fa4alzcOq3EaNPoG","g funk, gangster rap, hip hop, pop rap, rap, west coast rap","hip hop, rap, pop rap"
"Taio Cruz","6MF9fzBmfXghAz953czmBC","dance pop, pop, pop rap","dance pop, pop, pop rap"
"Usher","23zg3TcAtWQy7J6upgbUnj","atl hip hop, contemporary r&b, dance pop, pop, r&b, rap, south carolina hip hop, urban contemporary","hip hop, dance pop, pop, r&b, rap, urban contemporary"
"Alex Ayora","01pHT1Chh1Vp7ibp9dStOy","pop, rock, latino","pop, rock"
"Alex Shaker","0U6Adu2ODsqB9urN7BslVo","dance, electro","electro"
"Alexandra Stan","0BmLNz4nSLfoWYW1cYsElL","romanian pop","pop"
"Antonio Ferrara","1uUPVosJHXYdzQuCe5XaDj","classic, flamenco, pop, rock","pop, rock"
"Avicii","1vCWHaC5f2uS3yhpwWbIA6","dance pop, edm, pop, pop dance","dance pop, electro, pop"
"Cali y El Dandee","5DUlefCLzVRzNWaNURTFpK","colombian pop, electro latino, latin pop, reggaeton, reggaeton colombiano, trap latino, urbano latino","pop, electro, reggaeton, trap"
"Coldplay","4gzpq5DPGxSnKTe4SA8HAU","permanent wave, pop","new wave, pop"
"Daniel Martín","0hIG9FXgjQxT8fKaYceFbA","classical, classical performance, violin",""
"Dans Swanz","2s6kYRGnUvGBS330qP4gk6","",""
"Electric Nana","4oEju6elvuvjARvor8R9j9","future bass, vapor twitch","other"
"Frank T","27M9shmwhIjRo7WntpT9Rp","acoustic rock, folk punk","folk"
"Fun.","5nCi3BB41mBaMH9gfr6Su0","baroque pop, metropopolis, neo mellow","pop, other, indie"
"Gotye","2AsusXITU8P25dlRNhcAbG","australian pop","pop"
"Henry Méndez","4mnY9Vvz3GXQIyHljvWnY1","electro latino, reggaeton, spanish pop","electro, reggaeton, pop"
"Jamie Cullum","3XxxEq6BREC57nCWXbQZ7o","contemporary vocal jazz, jazz pop, neo mellow","jazz, indie"
"Jose de Rico","2ny2IhV61AbrsaWpjvGM7m","electro latino","electro"
"Juan Magán","1ackd5XprZEkH3McKbQD51","electro latino, spanish pop","electro, pop"
"Lucía Scansetti","0hbTPiHxUxAxbrmCDIvKA7","pop","pop"
"M.I.A.","0QJIPDAEDILuo8AIq3pMuU","escape room, indietronica, new rave","escape room, indietronica, new rave"
"Macadamia","4ctoRm4PSfS4v7YdoHgIen","",""
"Mika","5MmVJVhhYKQ86izuGHzJYA","electropop","electropop"
"Nita","73GhYkwfPQzmfJb1cdPqPf","hel, shred, slayer",""
"Rasel","1uh9OOdPa89c5zPaOD6K2N","electro latino, flamenco urbano, pop flamenco","electro"
"Simple Plan","2p4FqHnazRucYQHyDCdBrJ","canadian pop punk, canadian punk, canadian rock, modern rock, neon pop punk, pop punk, pop rock","rock, pop punk, pop rock"
"StelioN","01GDS9NmGwhzHm2VjbZFcG","greek pop, laiko","pop, laiko"
"Swedish House Mafia","1h6Cn3P4NGzXbaXidqURXs","edm, pop dance, progressive electro house","electro, electro house"
"The Script","3AQRLZ9PuTAozP28Skbq8V","celtic rock, pop","rock, pop"
"Will.I.Am","085pc2PYOi8bGKj0PNjekA","dance pop, pop","dance pop, pop"
"Xuso Jones","79BxXJ1YNDGCkcFoIKFhw1","electro latino","electro"
"Calvin Harris","7CajNmpbOovFoOoasH2HaY","dance pop, edm, electro house, house, pop, progressive house, uk dance","dance pop, electro, electro house, house, pop, dance"
"Conor Maynard","6mU8ucezzms5I2kNH6HNlu","post-teen pop, talent show, uk pop, viral pop","pop, other"
"DJ Nano","3bxfcfxKQ7rbS93s7jZhiw","dance, electro","electro"
"Daft Punk","4tZwfgrHOc3mvqYlEYSvVi","electro, filter house, rock","electro, house, rock"
"Efecto Pasillo","6CSa1r92LtHHdLG6kRabU3","latin arena pop, musica canaria, rock en espanol, spanish pop","pop, folk, rock"
"Emeli Sandé","7sfgqEdoeBTjd8lQsPT3Cy","r&b, talent show, uk pop","r&b, other, pop"
"Icona Pop","1VBflYyxBhnDc9uVib98rw","candy pop, dance pop, electropop, metropopolis, swedish electropop, swedish synthpop","pop, dance pop, electropop, other, synthpop"
"Jason Derülo","07YZf4WDAMNwqr4jfgOZ8y","dance pop, pop","dance pop, pop"
"Malú","3TLGNOdp1UWYMnV5XG9HkR","latin arena pop, latin pop, spanish pop, spanish pop rock","pop"
"Manian","2zgkC2iqDlq3FcI2B7ChnD","hands up","other"
"Marien Baker","7kSvO7UM5RaPSaXDkB12gz","dance, electro","electro"
"Mario Jefferson","70AiawLby3cUpcd8Dqrw8J","pop","pop"
"Naughty Boy","1bT7m67vi78r2oqvxrP3X5","uk contemporary r&b","r&b"
"Olly Murs","3whuHq0yGx60atvA2RCVRW","dance pop, pop, talent show, uk pop","dance pop, pop, other"
"P!nk","1KCSPY1glIKqW2TotWuXOR","dance pop, pop","dance pop, pop"
"Pharrell Williams","2RdwBSPQiwcmiDo9kixcl8","dance pop, pop","dance pop, pop"
"Robin Thicke","0ZrpamOxcZybMHGg1AYtHP","dance pop, neo soul, pop rap, r&b, urban contemporary","dance pop, soul, pop rap, r&b, urban contemporary"
"Soraya","5enSNzCwMx61gCMv9jaV4Q","colombian pop, mexican pop","pop"
"Wally López","52qx8aMzSqi7JTJUI2dJqZ","tribal house",""
"Albert Neve","4qq3Lutu3o965YhHUsnyDC","dance, electro, house, techno","electro, house"
"Alle Farben","61ipISvUVa5LkJlKZnm3Oo","deep euro house, german dance","house, dance"
"Ariana Grande","66CXWjxzNUsdJxJ2JdwvnR","pop","pop"
"Austin Mahone","04abdnqPQe2N4fjztDea6z","pop, post-teen pop","pop"
"Claudia Leitte","2OjoIDVPQKT9B7loZbPEfp","axe, pop nacional, sertanejo universitario","axe, pop, sertanejo"
"Clean Bandit","6MDME20pz9RveH9rEXvrOM","pop, uk dance, uk funky","pop, dance, funk"
"Descemer Bueno","5luyt0SUvGkDMY4ILP6Qhl","cubaton","cubaton"
"Gente de Zona","2cy1zPcrFcXAJTP0APWewL","cubaton, electro latino, latin hip hop, latin pop, reparto","cubaton, electro, hip hop, pop"
"Katy Perry","6jJ0s89eD6GaHleKKya26X","pop","pop"
"Les Castizos","5o7bOfP4102PystoDMEo0M","dance, electro","electro"
"Lilly Wood","2Gu6GESUTPIIohp8BkgJuh","indie",""
"Mr. Probz","33W1pnW9zScZtYTnAoWnOT","pop dance",""
"OneRepublic","5Pwc4xIPtQLFEnJriah9YJ","piano rock, pop","rock, pop"
"Phoebe Killdeer","318VpIRUWele6jD0k3ldkT","",""
"Robin Schulz","3t5xRXzsuZmMDkQzgOX35S","deep euro house, deep house, edm, german dance, pop dance, tropical house","house, electro, dance, tropical house"
"Sigma","4uenMswaaasTqFvu2KsWuY","electro","electro"
"The Avener","0e6qzpphJHtObTSwD75mi0","deep euro house, new french touch","house"
"The Prick","1pPmIToKXyGdsCF6LmqLmI","atl hip hop, melodic rap, plugg, rap, trap","hip hop, rap, trap"
"The Short Straws","40WhVPjA1Qg7tG8Flxvneq","",""
"The Vamps","7gAppWoH7pcYmphCVTXkzs","boy band, pop","other, pop"
"Tiësto","2o5jDhtHVPhrJdv3cEQ99Z","big room, brostep, dutch edm, edm, house, pop dance, progressive electro house, slap house, trance","house, dubstep, electro, electro house, trance"
"Tove Lo","4NHQUGzhtTLFvgF5SZesLK","dance pop, metropopolis, pop, swedish electropop, swedish pop, swedish synthpop","dance pop, other, pop, electropop, synthpop"
"Zion","21451j1KhjAiaYKflxBjr1","reggaeton, urbano latino","reggaeton"
"Abel Ramos","4PfnYN4AwskT2RgGn4OwCR","indie, dance, electro","electro"
"Alexander Som","0znpFLuaey34oJTE1jHSnT","singer-songwriter pop",""
"Anna Naklab","6vNe5MINTo5QZyR08sBOBA","german dance","dance"
"Arrow Benjamin","2RWMTZ0AXNLBbTT2Evtbdj","uk pop","pop"
"Bebe Rexha","64M6ah0SkkRsnPGtGiRAbb","dance pop, pop","dance pop, pop"
"Charlie Puth","6VuMaDnrHyPL1p4EHjYLi7","pop, viral pop","pop"
"Chris Brown","7bXgB6jMjp9ATFy66eO08Z","r&b, rap","r&b, rap"
"DCS","0JEkNB86dtSUW9Gq1BNuJM","bhangra, classic bhangra",""
"DJ Snake","540vIaP2JwjQb9dm3aArA4","dance pop, edm, electronic trap, pop, pop dance","dance pop, electro, pop"
"DJane Housekat","64tnAMgE8bc2zTMBcBsLdx","german dance","dance"
"Feder","5KnoVkIUGmK0PiDKMjz2LM","new french touch","house"
"Felix Jaehn","4bL2B6hmLlMWnUEZnorEtG","edm, german dance, pop dance, tropical house, uk dance","electro, dance, tropical house"
"Kanye West","5K4W6rqBFWDnAN6FQUkS6x","chicago rap, hip hop, rap","rap, hip hop"
"Kygo","23fqKkggKUBHNkbKtXEls4","edm, pop, pop dance, tropical house","electro, pop, tropical house"
"LooKas","27fy6rHPC58Eo2VUu0iJSG","brostep, electro house, electronic trap","dubstep, electro house, electro"
"Lost Frequencies","7f5Zgnp2spUuuzKplmRkt7","belgian edm, edm, pop dance, tropical house","electro, tropical house"
"Luis López","0LfgcdlfcwBrFt1ytEl2p1","dance",""
"Madcon","6c4sUNBgdonFJz8Kx2VsGz","norwegian hip hop","hip hop"
"Major Lazer","738wLrAtLtCtFOLvQBXOXp","dance pop, edm, electro house, moombahton, pop, pop dance","dance pop, electro, electro house, moombahton, pop"
"Maná","7okwEbXzyT2VffBmyQBWLz","latin arena pop, latin pop, latin rock, mexican pop, mexican rock, rock en espanol","pop, rock"
"Mark Ronson","3hv9jJF3adDNsBSIQDqcjp","pop soul",""
"Nicky Jam","1SupJlEpv7RS2tPNRaHViT","latin hip hop, reggaeton, trap latino, urbano latino","hip hop, reggaeton, trap"
"OMI","5MouCg6ta7zAxsfMEbc1uh","reggae fusion","reggae"
"Pablo López","4uyqaioPEdClDxU6zvYlAZ","spanish pop","pop"
"Paulina Rubio","1d6dwipPrsFSJVmFTTdFSS","latin arena pop, latin pop, mexican pop","pop"
"Prince Royce","3MHaV05u0io8fQbZ2XPtlC","bachata, latin hip hop, latin pop, urbano latino","bachata, hip hop, pop"
"R. City","4TH4BHy0LdBi3dpBW4P2UX","reggae fusion, virgin islands reggae","reggae"
"Sofía Reyes","0haZhu4fFKt0Ag94kZDiz2","latin pop, latin viral pop, mexican pop","pop"
"Sweet California","0D48D7HFC7NtWKftvsDIXq","latin viral pop","pop"
"Wiz Khalifa","137W8MRPWKqSmrBGDBFSop","hip hop, pittsburgh rap, pop rap, rap, southern hip hop, trap","hip hop, rap, pop rap, trap"
"YALL","0ZRBa9pTfhhCsJW95F1ugg","indie, dance, electro","electro"
"Álvaro Soler","2urF8dgLVfDjunO0pcHUEe","latin pop","pop"
"99 Souls","7aLdKgvXgDQz0wi5z2PKMV","house, uk house","house"
"Alan Walker","7vk5e3vY1uw9plTHJAMwjN","electro house","electro house"
"Alex da Kid","0vjlH9sbJOZyhDjhvajQpY","r&b, soul, jazz","r&b, soul"
"Anne-Marie","1zNqDE7qDGCsyzJwohVaoX","pop","pop"
"Auryn","5SDjeVjcT8OArcVd6Yu6a9","electro latino","electro"
"BIA","6veh5zbFpm31XsPdjBgPER","rap latina, trap queen","rap, trap"
"Brandy","05oH07COxkXKIMt6mIPRee","contemporary r&b, dance pop, hip pop, r&b, urban contemporary","dance pop, hip hop, r&b, urban contemporary"
"Carlos Vives","4vhNDa5ycK0ST968ek7kRr","colombian pop, latin pop, vallenato","pop, vallenato"
"Dimitri Vegas","73jBynjsVtofjRpdpRAJGk","belgian dance, belgian edm, big room, dutch house, edm, electro house, pop dance, progressive electro house","dance, electro, house, electro house"
"Diplo","5fMUXHkw8R8eOP2RNVYEZX","dance pop, edm, electro house, moombahton, pop dance","dance pop, electro, electro house, moombahton"
"Drake","3TVXtAsR1Inumwj472S9r4","canadian hip hop, canadian pop, hip hop, pop rap, rap","hip hop, pop, pop rap, rap"
"Elle King","3bhu7P5PfngueRHiB9hjcx","modern blues rock","blues rock"
"Fetty Wap","6PXS4YHDkKvl1wkIl4V8DL","new jersey rap, pop rap, rap, southern hip hop, trap","rap, pop rap, hip hop, trap"
"Fifth Harmony","1l8Fu6IkuTP0U5QetQJ5Xt","girl group, pop, talent show","other, pop"
"Fuse ODG","374sWpAJsbZckf98df2jJJ","afrobeats, azonto","azonto"
"G-Eazy","02kJSzxNuaWGqwubyUba0Z","indie pop rap, oakland hip hop, pop rap, rap","indie pop rap, pop rap, rap"
"Gnash","3iri9nBFs9e4wN7PLIetAw","alt z, pop","pop"
"J Balvin","1vyhD5VmyZ7KMfW5gqLgo5","reggaeton, reggaeton colombiano, trap latino, urbano latino","reggaeton, trap"
"Jonas Blue","1HBjj22wzbscIZ9sEb5dyf","pop, pop dance, tropical house, uk dance","pop, tropical house, dance"
"Justin Bieber","1uNFoZAHBGtllmzznpCI3s","canadian pop, pop","pop"
"Kungs","7keGfmQR4X5w0two1xKZ7d","edm, pop dance, uk dance","electro, dance"
"Kyla","77DAFfvm3O9zT5dIoG0eIO","uk funky","funk"
"Like Mike","73jBynjsVtofjRpdpRAJGk","belgian dance, belgian edm, big room, dutch house, edm, electro house, pop dance, progressive electro house","dance, electro, house, electro house"
"Martin Garrix","60d24wfXkVzDSfLS6hyCjZ","dutch edm, edm, pop, pop dance, progressive house","electro, pop, house"
"Matt Simons","1g0fXhQMHAxlRyIBkCbuE7","neo-singer-songwriter","other"
"Mike Perry","6lB8vOoI4DRrrVxXwuV19c","pop dance, swedish tropical house","house"
"Mike Posner","2KsP6tYLJlTBvSUxnwlVWa","dance pop, pop, pop dance, pop rap","dance pop, pop, pop rap"
"Neiked","5H6xmHXjsq98NLbEjuE29f","scandipop","pop"
"Nick Jonas","4Rxn7Im3LGfyRkY2FlHhWi","dance pop, pop","dance pop, pop"
"RedOne","6O9WquDfQTxGRZqZUXVEQx","moroccan pop","pop"
"SAYGRACE","6y5amJcTjeDgLXIjtQLMst","r&b","r&b"
"Serayah","3N3R2mEESjTYM3W6ye2bod","pop r&b",""
"Sia","5WUlDfRSoLAfcVSX1WnrxN","pop","pop"
"The Chainsmokers","69GGBxA162lTqCwzJG5jLp","pop","pop"
"The Weeknd","1Xyo4u8uXC1ZmMpatF05PJ","canadian contemporary r&b, canadian pop, pop","r&b, pop"
"Zayn","5ZsFI1h6hIdQRw2ti0hz81","pop, uk pop","pop"
"Alesso","4AVFqumd2ogHFlRbKIjp1t","dance pop, edm, pop, pop dance, progressive electro house","dance pop, electro, pop, electro house"
"Aloe Blacc","0id62QV2SZZfvBn9xpmuCl","pop soul, r&b","r&b"
"Ana Mena","6k8mwkKJKKjBILo7ypBspl","spanish pop","pop"
"Big Sean","0c173mlxpT3dSFRgMO8XPh","detroit hip hop, hip hop, pop rap, r&b, rap, southern hip hop, trap","hip hop, pop rap, r&b, rap, trap"
"Bombai","4sbKCRFKQ8sAUn1pWR5iKZ","spanish pop","pop"
"Boni","54R6Y0I7jGUCveDTtI21nb","europop","europop"
"Bromas Aparte","1txRR3sLGUyltdicv37QjT","pop, rock","pop, rock"
"Bruno Mars","0du5cEVh5yTK9QJze8zA0C","dance pop, pop","dance pop, pop"
"Bryson Tiller","2EMAnMvWE2eb56ToJVfCWs","kentucky hip hop, r&b, rap","r&b, rap"
"Burak Yeter","4ON1ruy5ijE7ZPQthbrkgI","electro house","electro house"
"CamelPhat","240wlM8vDrf6S4zCyzGj2W","deep tech house, house, progressive house, uk dance","house, dance"
"Camila Cabello","4nDoRrQiYLoBzwC5BhVJzF","dance pop, pop","dance pop, pop"
"DJ Khaled","0QHgL1lAIqAw0HtD7YldmP","hip hop, miami hip hop, pop rap, rap","hip hop, pop rap, rap"
"Dani Martín","3AIPhNgeF9S1Kyg9Yy3UQW","spanish pop, spanish pop rock","pop"
"David Bisbal","5gOJTI4TusSENizxhcG7jB","latin arena pop, latin pop, spanish pop rock","pop"
"Demi Lovato","6S2OmqARrzebs0tKUEyXyp","pop, post-teen pop","pop"
"Digital Farm Animals","5fyDppLDl1juIu1BcUT5zh","uk dance","dance"
"Don Diablo","1l2ekx5skC4gJH8djERwh1","dutch house, edm, electro house, future house, pop dance, progressive electro house","house, electro, electro house"
"Dua Lipa","6M2wZ9GZgrQXHCFfjv46we","dance pop, pop, uk pop","dance pop, pop"
"Ed Sheeran","6eUKZXaKkcviH0Ku9w2n3V","pop, singer-songwriter pop, uk pop","pop"
"French Montana","6vXTefBL93Dj5IqAWq6OTv","hip hop, pop rap, rap, southern hip hop, trap","hip hop, pop rap, rap, trap"
"Garmiani","2yhI3iWovCQYjhjoqzKO2R","dutch house, electro house, melbourne bounce","house, electro house"
"Hardwell","6BrvowZBreEkXzJQMpL174","big room, dutch house, edm, electro house, pop dance, progressive electro house, progressive house","house, electro, electro house"
"Jamie Scott","29QbBR0oTzA7A0kiOzrbbr","uk pop","pop"
"Jax Jones","4Q6nIcaBED8qUel8bBx6Cr","dance pop, edm, house, pop dance, uk dance","dance pop, electro, house, dance"
"Juanes","0UWZUmn7sybxMCqrw9tGa7","colombian pop, latin pop, mexican pop, rock en espanol","pop, rock"
"Louis Tomlinson","57WHJIHrjOE3iAxpihhMnp","pop","pop"
"Luis Fonsi","4V8Sr092TqfHkfAA5fXXqG","latin pop, puerto rican pop","pop"
"Morat","5C4PDR4LnhZTbVnKWXuDKD","colombian pop, latin pop, latin viral pop","pop"
"Nicki Minaj","0hCNtLu0JehylgoiP8L4Gh","hip pop, pop, queens hip hop, rap","hip hop, pop, rap"
"Piso 21","4bw2Am3p9ji3mYsXNXtQcd","colombian pop, latin pop, reggaeton, reggaeton colombiano, trap latino, urbano latino","pop, reggaeton, trap"
"Post Malone","246dkjvS1zLTtiykXe5h60","dfw rap, melodic rap, pop, rap","rap, pop"
"Quavo","0VRj0yCOv2FXJNP47XQnx5","atl hip hop, melodic rap, rap, trap","hip hop, rap, trap"
"Quintino","1V3VTM7VspiQjcmRhC010n","dutch edm, dutch house, edm, electro house, pop dance, progressive electro house, slap house","electro, house, electro house"
"Sebastián Yatra","07YUOmWljBTXwIseAUd9TW","colombian pop, latin pop, reggaeton, reggaeton colombiano, urbano latino","pop, reggaeton"
"Selena Gomez","0C8ZW7ezQVs4URX5aX7Kqx","pop, post-teen pop","pop"
"Skrillex","5he5w2lnU9x7JFhnwcekXX","brostep, complextro, edm, electro, pop dance","dubstep, electro house, electro"
"Starley","02A3cEvlLLCbIMVDrK2GHV","aussietronica","electro"
"marshmello","64KEffDW9EtZ1y2vBYgq8T","brostep, edm, pop, progressive electro house","dubstep, electro, pop, electro house"
"Aitana","7eLcDZDYHXZCebtQmVFL25","latin talent show, latin viral pop, spanish pop","latin, pop"
"Ana Guerra","3MRynBsyLGzv3IQ9Fip6hO","latin pop, latin talent show, spanish pop","pop, latin"
"Anitta","3z7uejI6VjINKO4LQXxMuz","funk carioca, reggaeton, latin pop, pop, funk melody","brazilian funk, reggaeton, pop, funk"
"Axwell ^ Ingrosso","2XnBwblw31dfGnspMIwgWz","edm, pop dance, progressive electro house","electro, electro house"
"B-Case","1o9x7ez0NvhDb7gBqrYnUj","pop edm","electropop"
"Bad Bunny","4q3ewBCX7sLwd24euuV69X","reggaeton, trap latino, urbano latino","reggaeton, trap"
"Bazzi","4GvEc3ANtPPjt1ZJllr5Zl","pop","pop"
"Becky G","4obzFoKoKRHIphyHzJ35G3","latin pop, latin viral pop, rap latina, reggaeton, trap latino, urbano latino","pop, rap, reggaeton, trap"
"C. Tangana","5TYxZTjIPqKM8K8NuP9woO","urbano espanol",""
"Cardi B","4kYSro6naA4h99UJvo89HB","pop, rap","pop, rap"
"Charli XCX","25uiPmTg16RbhZWAqwLBy5","art pop, candy pop, metropopolis, pop, uk pop","pop, other"
"Daddy Yankee","4VMYDCV2IEDYJArk749S6m","latin hip hop, reggaeton, trap latino, urbano latino","hip hop, reggaeton, trap"
"Dan Caplen","2U3FuHYvL3vhkbDAXm24Ep","neo soul, uk contemporary r&b","soul, r&b"
"De la Ghetto","1SupJlEpv7RS2tPNRaHViT","latin hip hop, reggaeton, trap latino, urbano latino","hip hop, reggaeton, trap"
"Dvicio","2KxjMGXFgX1vt9grpbD3xI","latin arena pop, latin pop, spanish pop","pop"
"Dynoro","3v6Ji4uoWtKRkhuDUaxi9n","edm","electro"
"Elvis Crespo","1c22GXH30ijlOfXhfLz9Df","latin pop, salsa, tropical","pop, salsa, tropical"
"Jess Glynne","4ScCswdRlyA23odg9thgIO","dance pop, pop, uk pop","dance pop, pop"
"Jesús Navarro","177dG4gTPSBg2F2KXZdPMW","latin pop","pop"
"José A.M.","49EE6lVLgU8sp7dFgPshgM","banda, musica mexicana, norteno",""
"Liam Payne","5pUo3fmmHT8bhCyHE52hA6","pop","pop"
"Maluma","1r4hJ1h58CWwUQe3MxPuau","latin pop, reggaeton, reggaeton colombiano, trap latino, urbano latino","pop, reggaeton, trap"
"Manuel Turizo","0tmwSHipWxN12fsoLcFU3B","colombian pop, latin pop, reggaeton, reggaeton colombiano, trap latino, urbano latino","pop, reggaeton, trap"
"Maren Morris","6WY7D3jk8zTrHtmkqqo5GI","classic texas country, contemporary country","country"
"Melendi","1EXjXQpDx2pROygh8zvHs4","spanish pop, spanish pop rock","pop"
"Mike Williams","3IpvVrP3VLhruTmnququq7","big room, dutch house, edm, electro house, future house, pop dance, progressive electro house","house, electro, electro house"
"Nick Waterhouse","0V7uVrIYr4FwFvUN9S4kYr","chicago indie, funk","indie, funk"
"Ozuna","1i8SpTcr7yvPOmcqrbnVXY","puerto rican pop, reggaeton, trap latino, urbano latino","pop, reggaeton, trap"
"Pablo Alborán","5M9Bb4adKAgrOFOhc05Y50","latin arena pop, latin pop, spanish pop","pop"
"Rudimental","4WN5naL3ofxrVBgFpguzKo","pop dance, uk dance, uk funky","dance, funk"
"Steve Aoki","77AiFEVeAVj2ORpC85QVJs","edm, electro house, pop dance","electro, electro house"
"Víctor Magan","4N5fp4zhTsVITZTVfsXpc2","latin pop, modern salsa, salsa, salsa peruana, salsa puertorriquena, tropical","pop, salsa, tropical"
"Zedd","2qxJFvFYMEDqd7ui6kSAcq","complextro, edm, german techno, pop, pop dance","electro house, electro, techno, pop"
"Alec Benjamin","5IH6FPUwQTxPSXurCrcIov","alt z, pop, pov: indie","pop"
"Alicia Keys","3DiDSECUqqY1AuBP8qtaIa","neo soul, pop, r&b","soul, pop, r&b"
"Andy Clay","4j0Oi9KU6tQB5SV80mQNHO","pop","pop"
"Anuel AA","2R21vXR83lH98kGeO99Y66","reggaeton, reggaeton flow, trap boricua, trap latino, urbano latino","reggaeton, trap"
"Ava Max","4npEfmQ6YuiwW1GpUmaq3F","pop","pop"
"Camilo","28gNT5KBp7IjEOQoevXf9N","colombian pop, latin pop, latin viral pop, reggaeton colombiano","pop"
"ChocQuibTown","6tkyhGe9hGI3Lcfo4gVh6Z","colombian hip hop, colombian pop, colombian rock, latin alternative, reggaeton colombiano, salsa choke","hip hop, pop, indie, salsa"
"Don Patricio","6vPXtLmNd3mW0dd1Rb9eQ9","rap canario, urbano espanol",""
"El Guincho","1oMiDFyAgmIzw9ZBQYHOJI","deep latin alternative, musica canaria","folk"
"Ellie Goulding","0X2BH1fck6amBIoJhDVmmJ","indietronica, metropopolis, pop, uk pop","indietronica, other, pop"
"Farruko","329e4yvIujISKGKz1BZZbO","reggaeton, trap latino, urbano latino","reggaeton, trap"
"Karol G","790FomKkXshlbRYZFtlgla","reggaeton, reggaeton colombiano, trap latino, urbano latino","reggaeton, trap"
"Lalo Ebratt","1GAymyGBvB4gQy5Z5LZ1Wj","colombian hip hop, reggaeton, reggaeton colombiano, trap latino, urbano latino","hip hop, reggaeton, trap"
"Lewis Capaldi","4GNC7GD6oZMSxPGyXy4MNB","pop, uk pop","pop"
"Lil Nas X","7jVv8c5Fj3E9VhNjxT4snq","lgbtq+ hip hop","hip hop"
"Lola Índigo","3bvfu2KAve4lPHrhEFDZna","spanish pop","pop"
"MEDUZA","0xRXCcSX89eobfrshSVdyu","edm, pop dance, pop house, uk dance","electro, pop house, dance"
"Mahmood","06nvjg4wBANK6DCHjqtPNd","italian adult pop, italian pop","pop"
"Natti Natasha","1GDbiv3spRmZ1XdM1jQbT7","latin pop, rap latina, reggaeton, urbano latino","pop, rap, reggaeton"
"Nil Moliner","6X8uzem5Dbl4l2so4CeexD","spanish pop","pop"
"Rita Ora","5CCwRZC6euC8Odo6y9X8jr","dance pop, pop, uk pop","dance pop, pop"
"Sam Smith","2wY79sveU1sp5g7SokKOiI","pop, uk pop","pop"
"Taylor Swift","06HL4z0CvFAxyc27GXpf02","pop","pop"
"Vanesa Martín","5kSJMVPcTITrSZxTrHllVN","latin arena pop, pop flamenco, spanish pop, spanish pop rock","pop"
"24kGoldn","6fWVd57NKTalqvmjRd2t8Z","cali rap, pop rap","rap, pop rap"
"Aya Nakamura","7IlRNXHjoOCgEAWN5qYksg","basshall, pop urbaine, r&b francais","electro, pop"
"BENEE","0Cp8WN4V8Tu4QJQwCN5Md4","alt z, nz pop","pop"
"Beret","0ZHPrnImGh4re3TbSNkoZl","spanish hip hop, spanish pop","pop"
"Conkarah","7vPGzgDg3qGUY5bWtrO3K4","jawaiian","raggae"
"Dani Fernández","0CVOcYvRcSvOXyuR4YGKaC","spanish pop","pop"
"Danna Paola","5xSx2FM8mQnrfgM1QsHniB","latin pop, latin viral pop, mexican pop","pop"
"David Otero","4cA5JN7tiNZ8afYeuSQj5h","latin arena pop, spanish pop","pop"
"Denise Rosenthal","73SBwOgH6mrS09OyFHdR62","pop chileno",""
"Doja Cat","5cj0lLjcoR7YOSnhnX0Po5","dance pop, pop","dance pop, pop"
"Fred de Palma","0QrUbsrL5imqntAfDl8i7q","italian adult pop, italian pop","pop"
"Guaynaa","0BqURncJM5B1BBu7UM51eq","reggaeton, reggaeton flow, urbano latino","reggaeton"
"Joel Corry","6DgP9otnZw5z6daOntINxp","dance pop, pop dance, uk dance","dance pop, dance"
"Julie Bergan","2Tg0aF5cbZktYFzgR1iAKv","norwegian pop","pop"
"La Húngara","7xtnpHS34mLlxGZDVUBHSU","pop flamenco, rumba, spanish pop, spanish pop rock","pop"
"Master KG","523y9KSneKh6APd1hKxLuF","bolobedu house, south african house",""
"Purple Disco Machine","2WBJQGf1bT1kxuoqziH5g4","deep house, house","house"
"Rauw Alejandro","1mcTU81TzQhprhouKaTkpq","puerto rican pop, reggaeton, trap latino, urbano latino","pop, reggaeton, trap"
"SAINt JHN","0H39MdGGX6dbnnQPt6NQkZ","melodic rap, slap house","rap"
"Shaggy","5EvFsr3kj42KNv97ZEnqij","dance pop, pop rap, reggae fusion","dance pop, pop rap, reggae"
"Surf Mesa","1lmU3giNF3CSbkVSQmLpHQ","pop edm","electropop"
"TOPIC","02BijGdPs6QN5G5gxHttbl","hip hop, rap","hip hop, rap"
"The Black Eyed Peas","1yxSLGMDHlW21z4YXirZDS","dance pop, pop, pop rap","dance pop, pop, pop rap"
"Álvaro Díaz","5J7rXWjtn5HzUkJ4Jet8Fr","trap boricua, urbano latino",""
"A7S","5Wg2b4Mp42gicxEeDNawf7","pop dance, scandipop, uk dance","pop, dance"
"ATB","7jZM5w05mGhw6wTB1okhD9","german dance, german techno, german trance, trance","dance, techno, trance"
"Anderson .Paak","3jK9MiCrA42lLAdMGUZpwa","escape room, hip hop, indie soul, neo soul","escape room, hip hop, indie soul, soul"
"Chimbala","4VVEpEhC8NcR7AqNEds42U","dembow, rap dominicano","dembow, rap"
"Daniel Caesar","20wkVLutqVOYrc0kxFs7rA","canadian contemporary r&b","r&b"
"Elton John","3PhoLpVuITZKcymswpck5b","glam rock, mellow gold, piano rock, rock","rock, mellow gold"
"Gipsy Kings","3jc496ljiyrS3ECrD7QiqL","flamenco, rumba, world","world"
"Hypeman","0SSgGgCftrslhyAEDEDdim","hip hop","hip hop"
"John Newman","34v5MVKeQnIo0CWYMbbrPf","dance pop","dance pop"
"Justin Quiles","14zUHaJZo1mnYtn6IBRaRP","reggaeton, trap latino, urbano latino","reggaeton, trap"
"Justin Wellington","5lTjv8Ag00qHSGhvK4JbeF","melanesian pop, pacific islands pop, png pop",""
"Leiva","5Hsv8dUHHOdnn72q4XIVz7","cantautor, latin arena pop, spanish indie pop, spanish pop, spanish rock","pop, indie pop"
"Lérica","4d3kmfoZBTuUPSUjgP45uo","spanish pop","pop"
"Maffio","5RzT7CM6Ot0sh0EHefMicV","dominican pop","pop"
"Marc Seguí","5FQ8tBUtIamA2hRtatrYUF","spanish pop","pop"
"Mufasa","4L2dV3zY7RmkeiNO035Fi0","pop dance",""
"Nicki Nicole","2UZIAOlrnyZmyzt1nuXr9y","argentine hip hop, r&b argentino, trap argentino, trap latino, urbano latino","hip hop, r&b, trap"
"Nicolás Reyes","4ZEbnHVcQHXbtkOhg8mDAT","flamenco, rumba, pop","pop"
"Nightcrawlers","1gALaWbNDnwS2ECV09sn2A","disco house, hip house, vocal house","disco house, house"
"Pol Granch","1aMt4A5jrQHxDYyC7rXgV0","spanish pop","pop"
"Riton","7i9j813KFoSBMldGqlh2Z1","house, pop dance, uk dance","house, dance"
"Rosalía","7ltDVBr6mKbRvohxheJ9h1","latin viral pop, pop, r&b en espanol","pop, r&b"
"Silk Sonic","6PvvGcCY2XtUcSRld1Wilr","neo soul","soul"
"Álvaro de Luna","5N3YDBGT2gUzXgLDTwPRi5","spanish pop","pop"
"Abraham Mateo","2bxxlINUlcMQQb39K7IopR","latin arena pop, latin pop, latin viral pop, reggaeton, spanish pop","pop, reggaeton"
"Becky Hill","4EPJlUEBy49EX1wuFOvtjK","pop dance, pop house, uk dance, uk pop","pop house, dance, pop"
"Bizarrap","716NhGYqD1jl2wI1Qkgq36","argentine hip hop, pop venezolano, trap argentino, trap latino, urbano latino","hip hop, trap"
"Britney Spears","26dSoYclwsYLMAKD3tpOr4","dance pop, pop","dance pop, pop"
"Calum Scott","6ydoSd3N2mwgwBHtF6K7eX","pop","pop"
"Elsa y Elmar","5nKGeITSNCVP76muyOlszy","colombian indie, colombian pop, r&b en espanol","pop, r&b"
"Emilia","0AqlFI0tz2DsEoJlKSIiT9","pop argentino","pop"
"J.I.D","6U3ybJ9UHNKEdsH7ktGBZ7","hip hop, pop rap, rap, underground hip hop","hip hop, pop rap, rap"
"Oliver Tree","6TLwD7HPWuiOzvXEa3oCNe","alternative hip hop","hip hop"
"Polo Nandez","57YqxYzBuraaQNq8POH0pM","pop","pop"
"Rema","46pWGuE3dSwY3bMMXGBvVS","afrobeats, nigerian pop","pop"
"Tiago PZK","5Y3MV9DZ0d87NnVm56qSY1","trap argentino, trap latino, urbano latino","trap"
"dazy","2pe1uLYghU4lj6Fe6qq8k6","countrygaze",""
"Beéle","7a0XAaPaK2aDSqa8p3QnC7","reggaeton colombiano, trap latino, urbano latino","trap"
"Coi Leray","6AMd49uBDJfhf30Ak2QR5s","new jersey underground rap, trap queen","trap"
"FEID","2LRoIwlKmHjgvigdNGBHNo","colombian pop, pop reggaeton, reggaeton, reggaeton colombiano, trap latino, urbano latino","pop, reggaeton, trap"
"Kenia Os","31VFEohvhOUKrtAONEBhMG","latin viral pop, urbano mexicano","pop"
"Ludmilla","3CDoRporvSjdzTrm99a3gi","funk carioca, funk pop, funk rj, pagode baiano, pop nacional","brazilian funk, pagode baiano, pop"
"Marlon","7MigDh04CCntQbsBvugEmb","nyc rap","rap"
"Myke Towers","7iK8PXO48WeuP03g8YR51W","reggaeton, trap latino, urbano latino","reggaeton, trap"
"Tate McRae","45dkTj5sMRSjrmBSBeiHym","pop","pop"
"Vicco","2z1MpPojFcvxYcEAx0lT6w","pop, rock","pop, rock"
"Chanel","0YMDurwdAVosp0voDcFdFG","latin pop","pop"
"Norma Jean Martine","2fsk4VlJdNF6G8cCMDrrzB","nyc pop, pop dance","pop"
"Quevedo","52iwsT98xCoGgiGntTiR7K","rap canario, trap latino, urbano latino","trap"
"Soge Culebra","2SNfNJDsahTSVFwgxposF5","rap conciencia, spanish hip hop, urbano espanol",""
"Quique González","0uCwhAtvXQlTGZJWDJQykZ","cantautor, spanish folk rock, spanish indie pop, spanish rock","indie pop"
"Ben Moody","2TpF4YCzKyTMfU05atRy18","arkansas indie",""
"Ben Moody","2TpF4YCzKyTMfU05atRy18","arkansas indie",""
"Gary ""Nesta"" Pine","7rvXyGYgdxGBXTMUiYAgJM","",""
"Raquel del Rosarío","76B7oICXzdil65FZQXEpsK","pop","pop"
"Juan Luis Guerra","3nlpTZci9O5W8RsNoNH559","bachata, latin pop, tropical","bachata, pop, tropical"
"Javier Ojeda","7qyL6M8Rib3S7jLWOYUjaI","spanish pop rock",""
"Santiago Auserón","1QnWFj4XbwMBRss56Jk63W","musica aragonesa",""
"U2","51Blml2LZPmy7TTiAg47vQ","irish rock, permanent wave, rock","rock, new wave"
"Amaral","4OkeTQCk0fvX6VBYpOOxDi","latin arena pop, musica aragonesa, spanish pop, spanish pop rock, spanish rock","pop"
"Miami Sound Machine","18xgcedCGxFbqLbIQn5R8F","disco, new romantic, new wave pop, soft rock, synthpop","disco, new wave, rock, synthpop"
"Mecano","5BMgsAFg8rZQc3tqs5BB8G","cantautor, latin alternative, latin pop, rock en espanol, spanish pop, spanish pop rock","indie, pop, rock"
"Mikel Erentxun","7thnnayFyJnVOAJrpe5wMC","cantautor, spanish new wave, spanish pop","pop"
"Steven Tyler","32zks9ovi0IExzUd1C7W6o","modern country rock","county rock"
"Gustavo Cerati","1QOmebWGB6FdFtW7Bo3F0W","argentine rock, latin alternative, latin rock, rock en espanol","indie, rock"
"Wyclef Jean","7aBzpmFXB4WWpPl2F7RjBe","rap kreyol","rap"
"Busta Rhymes","1YfEcTuGvBQ8xSD1f53UnK","east coast hip hop, hardcore hip hop, hip hop, pop rap, rap","hip hop, pop rap, rap"
"Sixth Finger","7uURaMgSBw2wkwAqTdaisN","coverchill",""
"Litto Nebbia","2SpMjzpc9CfI6WWtwdToiA","argentine rock, rock nacional",""
"2 Eivissa","3gkV8EZ8pE0eCwyLeUNwzE","eurodance, hip house","dance, house"
"LaMari","2CiWRgv84WQQA2NQGyGaF3","flamenco",""
"Dante","2hDnlqxEGmcq74MAfO9iEX","rap conciencia, rap politico, spanish hip hop",""
"Natalia Jiménez","0j8QSBQZ9MNSGjHr1Vll1R","latin arena pop, latin pop, spanish pop rock","pop"
"Bimba Bosé","0AkI71ECC3U8xmKMGMmkdK","",""
"El Sueño de Morfeo","2BObknRAxgoXmrf6MkO7VR","latin arena pop, spanish pop, spanish pop rock","pop"
"Juan Aguirre","1uGeefcOKZ5OF4aAzaWYqG","rock, folk rock","rock, folk rock"
"Bono","0m2Wc2gfNUWaAuBK7URPIJ","dance, electro","electro"
"Mousse T.","5N6EzjkOoyABhNZJggeXi6","classic house, deep house, disco house, tribal house, vocal house","house, disco house"
"El Canto del Loco","5RK6c1tyaKpwcDpbgCGNgj","latin arena pop, spanish pop, spanish pop rock","pop"
"Gloria Gaynor","6V6WCgi7waF55bJmylC4H5","disco, soft rock","disco, rock"
"Álvaro Urquijo","0yiwWDdqEuLc99kyfJgOEP","spanish folk rock",""
"The Sugarhill Gang","7zliF6Q946WznVk3ZMYhZX","east coast hip hop, funk, new jersey rap, old school hip hop","hip hop, funk, rap"
"Nena Daconte","58ZTr51uERVdMQbfDbc5B3","spanish pop","pop"
"Kelly Rowland","3AuMNF8rQAKOzjYppFNAoB","atl hip hop, dance pop, hip pop, r&b, urban contemporary","hip hop, dance pop, r&b, urban contemporary"
"Klaas","25sJFKMqDENdsTF7zRXoif","german dance","dance"
"Colbie Caillat","6aZyMrc4doVtZyKNilOmwu","dance pop, neo mellow, pop","dance pop, indie, pop"
"Colby O'Donis","7fObcBw9VM3x7ntWKCYl0z","r&b, soul, pop","r&b, soul, pop"
"James Blunt","7KMqksf0UMdyA0UCf4R3ux","neo mellow","indie"
"Paul Oakenfold","5MO2kbaGGA2a8kL4c9qqHq","trance","trance"
"La Quinta Estación","7FZj349hdLfD6qzXkJLuAh","latin arena pop, latin pop, spanish pop rock","pop"
"Yolanda Be Cool","4KkHjCe8ouh8C2P9LPoD4F","australian dance, australian house, bass house","dance, house"
"Kid Cudi","0fA0VVWsXO9YnASrzqfmYu","hip hop, ohio hip hop, pop rap, rap","hip hop, pop rap, rap"
"Molella","6PozOimyS8a9OxMddMSBCf","italo dance","dance"
"Vika Jigulina","34dZRjYum6vVBGslgYaBtB","moldovan pop","pop"
"Ana Cañas","4v1mao101nIWvxzotCSKyz","mpb, nova mpb","mpb"
"Bob Taylor","08hBcrecIIDELlHMmASzp0","dance",""
"Beyoncé","6vWDO969PvNqNYHIOW5v0m","pop, r&b","pop, r&b"
"Estopa","5ZqnEfVdEGmoPxtELhN7ai","pop flamenco, rumba, spanish pop","pop"
"The Jacksons","2yrbLiuBmc9j81lTX3XUuI","disco, motown","disco, other"
"Jason Nevins","5w0ka9nPOmEH6CcZrutyP2","r&b,soul,dance,electro","r&b, soul, electro"
"El Cata","52aHqEQZ802daFzuMHfcES","tropical,pop","tropical, pop"
"Freemasons","49H2dQUNhIlso7VNkS8nFR","disco house, diva house, vocal house","disco house, house"
"Freshlyground","7AcV1lk8Zrgo1691PDWEle","african rock, afropop, kwaito, south african jazz, south african pop, south african pop dance","afropop, pop"
"Ne-Yo","21E3waRsmPlU7jZsS13rcj","dance pop, pop, r&b, urban contemporary","dance pop, pop, r&b, urban contemporary"
"Broono","0nZL9OK9KU64ru8HUsl0pA","moldovan pop","pop"
"Heléne","1Avxvb0xumqFF2iWyGzPKn","pop","pop"
"Yotuel Romero","3IzFiozYX6N0Qoz0drX8w8","rap,urban","rap"
"Ludacris","3ipn9JLAPI5GUEo4y4jcoi","atl hip hop, dance pop, dirty south rap, hip hop, old school atlanta hip hop, pop rap, rap, southern hip hop, trap","hip hop, dance pop, rap, pop rap, trap"
"Jorge Ruiz","6JIUUHJKk0ipPIE9Vy4Bcn","pop,rock","pop, rock"
"Lucenzo","5bv5RplEOwdCvhq0EILh9E","reggaeton","reggaeton"
"The WAV.s","4n1jUVWofpK6Lx1r2EnLCo","dance pop","dance pop"
"Lauren Bennett","2jLE4BoXHriQ96JagEtiDP","pop","pop"
"Adam Levine","4bYPcJP5jwMhSivRcqie2n","deep talent show","other"
"Win","6tIEdthMoSUu4f1yFysoZo","burmese pop",""
"Fito Cabrales","6fmDy3xzOGfOVjFwa0BUkT","rock,pop,blues rock","rock, pop, blues rock"
"Christina Aguilera","1l7ZsJRRS8wlW3WfJfPfNS","dance pop, pop","dance pop, pop"
"Dmol","0Z7sOTOFQeEueSypvbtcDk","tango electro",""
"Dragonette","4GLJPBj5Cdr9AgLKvLWM4n","canadian electropop, canadian pop, dance rock, electropop, metropopolis, neo-synthpop","electropop, pop, rock, other, synthpop"
"Nicole Scherzinger","40xbWSB4JPdOkRyuTDy1oP","dance pop, pop, post-teen pop","dance pop, pop"
"Alexis Jordan","5LmYIx9kSWBJOWbP4xAxb1","talent show","other"
"Kylie Minogue","4RVnAU35WRWra6OZ3CbbMA","australian dance, australian pop, dance pop, eurodance, new wave pop","dance, pop, dance pop, new wave"
"Sweet Ross","0atfMuFd8iANwtJ6NTdTxC","electro latino","electro"
"Carlprit","0Wj6u7zMY2dOLkJGz62bEp","german dance","dance"
"Tolo Servera","6XNTMGPLpwd1lNgmg7bPr2","pop","pop"
"Etta James","0iOVhN3tnSvgDbcg25JoJb","jazz blues, soul, soul blues, torch song, vocal jazz","jazz, soul, blues, other"
"Taped Rai","0yO1ChurIlYLcOisqmlQS9","dance,electro","electro"
"Sammy Adams","1S9WGrK7SZfXXQtHBYzDle","indie pop rap","indie pop rap"
"Shinoflow","0xCQDfPyQwk4sFpOfYQRtH","indie,pop,tropical","pop, tropical"
"Janelle Monaé","6ueGR6SWhUJfvEhqkvMsVs","afrofuturism, alternative r&b, atl hip hop, neo soul, r&b","afrofuturism, r&b, hip hop, soul"
"Kimbra","6hk7Yq1DU9QcCCrz9uc0Ti","bergen indie, electropop, nz pop","electropop, pop"
"Jay Santos","4hRoKcngdOyw6Z7mR9DHJ1","electro latino","electro"
"TJR","2L8yW8GIoirHEdeW4bWQXq","dutch house, edm, electro house, melbourne bounce, moombahton, progressive electro house, uk garage","house, electro, electro house, moombahton"
"John Martin","2auikkNYqigWStoHWK1Grq","pop edm","electropop"
"Eva Simons","2d6W4cnC5XsVOaxtgaj9hA","dutch pop","pop"
"Flii Stylz","3Nly0w3RtrnZAA1pgA91iR","hip hop,rap","hip hop, rap"
"Jamie Foxx","7LnaAXbDVIL75IVPnndf7w","contemporary r&b, hip pop, pop rap, r&b, southern hip hop, trap, urban contemporary","hip hop, pop rap, r&b, trap, urban contemporary"
"Dan Tyminski","1eNxt1JI2Bgjl8bPDQ5sG8","bluegrass, mandolin, progressive bluegrass",""
"Nicky Romero","5ChF3i92IPZHduM7jN3dpg","big room, dutch edm, dutch house, edm, electro house, pop dance, progressive electro house","house, electro, electro house"
"Salem Al Fakir","2MRmHQ6G4vEIIlMYbMLlQ5","swedish soul",""
"Nile Rodgers","3yDIp0kaq9EFKe07X1X2rz","disco","disco"
"Leire Martínez","0B0esAjCSSwycZDx1bhpmD","pop","pop"
"2 Chainz","17lzZA2AlOHwCwFALHttmp","atl hip hop, hip hop, pop rap, rap, southern hip hop, trap","hip hop, pop rap, rap, trap"
"Jay Z","3nFkdlSjzX9mRTtwJOzDYB","east coast hip hop, gangster rap, hip hop, pop rap, rap","hip hop, rap, pop rap"
"R. Kelly","2mxe0TnaNL039ysAj51xPQ","r&b,soul,hip hop,rap","r&b, soul, hip hop, rap"
"Shaun Frank","0BBwlSQvHHtahgYpLj1wJE","canadian electronic, electro house, pop edm","electro, electro house, electropop"
"JoJo","2ai8yQyHp5UEjSS5v9g5fP","r&b,pop","r&b, pop"
"Edurne","1RpT4SSsNAr0JaSvvwNkgh","latin arena pop, spanish pop","pop"
"Lily Allen","13saZpZnCDWOI9D4IJhp1f","dance pop, electropop","dance pop, electropop"
"Nate Ruess","1qUjOF5fzrpoNycD36b2jZ","modern rock","rock"
"T.I.","4OBJLual30L7gRl5UkeRcT","atl hip hop, dirty south rap, gangster rap, hip hop, pop rap, rap, southern hip hop, trap","hip hop, rap, pop rap, trap"
"Ke$ha","6LqNN22kT3074XbTVUrhzX","dance pop, pop","dance pop, pop"
"Jadel","7KyDUKtDsgx2cXDCaywYWH","soca","soca"
"Mikky Ekko","1buzCmyYZE4kcdLRudsb8V","nashville indie",""
"Aqeelion","4KtrDiIdPb0uG5IxqUtvc3","hip hop,rap","hip hop, rap"
"Jasmine V","3vskr7Z0TqgoYUi1iLnhy8","pop r&b, teen pop","pop"
"Robbie Wulfsohn","4gnBjjGiBRpWW44sINkXez","",""
"Graham Candy","71KlQX0q5wz5f9iytwPfou","nz pop","pop"
"Iggy Azalea","5yG7ZAZafVaAlMTeBybKAL","australian hip hop, dance pop, pop","hip hop, dance pop, pop"
"Stylo G","7qPISKHhhKDLZTmYcX7bWd","dancehall, uk dancehall","dancehall"
"Sam Martin","66AE89GQTx88zLYhXn1wFK","",""
"Skylar Grey","4utLUGcTvOJFr6aqIJtYWV","piano rock, viral pop","rock, pop"
"Yandel","0eHQ9o50hj6ZDNBt6Ys1sD","latin hip hop, reggaeton, trap latino, urbano latino","hip hop, reggaeton, trap"
"Lennox","7BOLXRhKCofrP6ESS7Owuo","regueton",""
"Juicy J","5gCRApTajqwbnHHPbr2Fpi","crunk, memphis hip hop, pop rap, rap, southern hip hop, trap","hip hop, pop rap, rap, trap"
"John Ryan","0ZTucWDozj0PJZZN5PL39A","folk","folk"
"Jasmine Thompson","2TL8gYTNgD6nXkyuUdDrMg","viral pop","pop"
"Paloma Faith","4fwuXg6XQHfdlOdmw36OHa","british soul, talent show, uk pop","soul, other, pop"
"Shawn Mendes","7n2wHs1TKAczGzO7Dd2rGr","canadian pop, pop, viral pop","pop"
"Matthew Koma","1mU61l2mcjEFraXZLpvVMo","pop edm","electropop"
"Hippie Sabotage","4dM6NDYSfLcspt8GLoT5aE","edm, electronic trap","electro"
"José de Mara","7ycNpmCg2CMaCLsOz830lV","tech house","house"
"YouNotUs","67ghKnycRX6VM1xfqJSMlH","german dance","dance"
"Disciples","5EehXjjMktLuJmbRsM7YfB","house, pop dance, uk dance","house, dance"
"Meghan Trainor","6JL8zeS1NmiOftqZTRgdTz","hip pop, pop","hip hop, pop"
"Deorro","6VD4UEUPvtsemqD3mmTqCR","dutch house, edm, electro house, melbourne bounce, melbourne bounce international, pop dance, progressive electro house","house, electro, electro house"
"MØ","0bdfiayQAKewqEvaU6rXCv","dance pop, danish pop, electropop, pop dance","dance pop, pop, electropop"
"Rameez","3AXBTCwD2Febax071yFLDd","dance,electro,blues","electro"
"Lyse","7K9peN1sknRNqPr9YEYedM","pop","pop"
"Sage The Gemini","6d47Z08T4snK50HgTEHo5Z","hyphy, pop rap, southern hip hop, trap","other, pop rap, hip hop, trap"
"Verdine White","4tMJliVd96wXoMVNdcOBHp","pop","pop"
"Paul McCartney","4STHEaNw4mPZ2tzheohgXB","classic rock, mellow gold, rock, soft rock","classic rock, mellow gold, rock"
"Conrad Sewell","1rw8ZTLnDHd74TWDDukjVi","australian pop","pop"
"Parson James","48sLioddyaXkuhyHXSkpsB","pop soul",""
"Janieck","1bZDq4po4dMIpN74Zendm0","dutch pop","pop"
"Madison Kiss","77PiNTHXxgDCQxxGE5lxOU","",""
"Ray Dalton","4e0nWw2r4BoQSKPQ2zpU13","pop dance",""
"Francesco Yates","5X1JzPIIonP3u9lA580pPT","canadian pop","pop"
"Ilsey","2ZKzqJz3pPfWKVRgz9b39j","indie",""
"Wisin","1wZtkThiXbVNtj6hee6dz9","electro latino, reggaeton, trap latino, urbano latino","electro, reggaeton, trap"
"Jake Miller","3gggmBN0erstm3YJvEGe3t","indie pop rap, teen pop","indie pop rap, pop"
"Gabriela Richardson","69YKwunlA0xl2yMS12cyMu","dance electro,pop","pop"
"Destiny's Child","1Y8cdNmUJH7yBTd9yOvr5i","dance pop, girl group, pop, r&b, urban contemporary","dance pop, other, pop, r&b, urban contemporary"
"Iselin Solheim","61DLKOR3hcEvTfSWTUKu1h","dance,electro","electro"
"X Ambassadors","3NPpFNZtSTHheNBaWC82rB","modern alternative rock, modern rock, stomp pop","indie rock, rock, pop"
"Sky Rompiendo","51XrH5fQP2oIQynuKxSWcW","trap latino, urbano latino","trap"
"Bipolar Sunshine","0CjWKoS55T7DOt0HJuwF1H","gauze pop","pop"
"Cheat Codes","7DMveApC7UnC2NPfPvlHSU","edm, pop, pop dance","electro, pop"
"Zara Larsson","1Xylc3o4UrD53lo9CvFvVg","pop, scandipop, swedish electropop, swedish pop","pop, electropop"
"Deb's Daughter","0lM8pgLaP7dAfY5E4jLNuj","",""
"WizKid","3tVQdUvClmAT7URs9V3rsp","afrobeats, afropop, azonto, nigerian hip hop, nigerian pop","afropop, azonto, hip hop, pop"
"Ty Dolla $ign","7c0XG5cIJTrrAgEC3ULPiq","hip hop, pop rap, r&b, southern hip hop, trap, trap soul","hip hop, pop rap, r&b, trap, soul"
"NYLA","79sBHPpyqBswOjEyIyuUwN","dance",""
"Olivia O'Brien","1QRj3hoop9Mv5VvHQkwPEp","alt z, pop","pop"
"Dakota","3Qrbqokk9hJ6C6BqcUVGAm","pop,dance,r&b,soul","pop, r&b, soul"
"JP Cooper","4kYGAK2zu9EAomwj3hXkXy","uk pop","pop"
"Luciana","4ugGMtXC28CVR5hlYJy9wV","dance pop","dance pop"
"Cookin' On 3 Burners","726MxZBpkxnnoKl6aN7mmj","bboy, instrumental funk","other, funk"
"Jamie N Commons","2FsZnS8gQ8jG1HGnPYNlm9","modern blues rock","blues rock"
"Ella Henderson","7nDsS0l5ZAzMedVRKPP8F1","dance pop, pop dance, talent show, uk pop","dance pop, other, pop"
"Kodaline","4BxCuXFJrSWGi1KHcVqaU4","irish pop, modern rock, neo mellow","pop, rock, indie"
"Kendrick Lamar","2YZyLoL8N0Wb9xBt1NhZWg","conscious hip hop, hip hop, rap, west coast rap","hip hop, rap"
"Deepend","0uGApGjjFXKwUOAqYBeX7B","deep house, tropical house","house, tropical house"
"Shy Martin","7eCmccnRwPmRnWPw61x6jM","alt z, swedish electropop","electropop"
"SeeB","5iNrZmtVMtYev5M9yoWpEq","pop dance",""
"Dyo","4H1PNuHElBLVok0lnYMrRb","alte",""
"Daya","6Dd3NScHWwnW6obMFbl1BH","alt z, pop","pop"
"Halsey","26VFTg2z8YR0cCuwLzESi2","electropop, etherpop, indie poptimism, pop","electropop, indie pop, pop"
"Rozes","6jsjhAEteAlY0vCiLvMLBA","alt z, electropop, indie poptimism","electropop, indie pop"
"Gavin James","25tMQOrIU4LlUo6Sv8v5SE","irish pop","pop"
"Noah Cyrus","55fhWPvDiMpLnE4ZzNXZyW","alt z, pop","pop"
"Stargate","7KUri7klyLaIFXLcuuOMCd","norwegian pop","pop"
"CNCO","0eecdvMrqBftK0M1VKhaF4","boy band, latin pop, reggaeton, urbano latino","other, pop, reggaeton"
"Sandro Cavazza","5JYo7gm2dkyLLlWHjxS7Dy","swedish pop","pop"
"Kelly","3BmGtnKgCSGYIUhmivXKWX","dance pop, pop, talent show","dance pop, pop, other"
"Danelle Sandoval","7Dz9goFmVZZqvJxZoKg7pF","nyc pop","pop"
"Elderbrook","2vf4pRsEY6LpL5tKmqWb64","uk dance","dance"
"Travis Scott","0Y5tJX1MQlPlqiwlOH1tJY","rap, slap house","rap"
"Young Thug","50co4Is1HCEo8bhOyUWKpn","atl hip hop, atl trap, gangster rap, melodic rap, rap, trap","hip hop, trap, rap"
"Lauv","5JZ7CnR6gTvEMKX4g70Amv","pop","pop"
"Carla Morrison","0XK6kT7xcZAlcYrNjOgzJe","cantautora mexicana, mexican pop","pop"
"Tini","7vXDAI8JwjW531ouMGbfcp","latin pop, latin viral pop, pop argentino","pop"
"Romy Dya","5gWzmnHTLNXz5CjOc0wAuK","dutch pop","pop"
"Stefflon Don","2ExGrw6XpbtUAJHTLtUXUD","dancehall, dancehall queen, uk dancehall, uk hip hop","dancehall, hip hop"
"Holly Winter","1WWiseEbQoEPq4UPdLeLoa","electro,pop","electro, pop"
"Swae Lee","1zNqQNIdeOUZHb8zbZRFMX","melodic rap, rap, trap","rap, trap"
"J-Son","0aImibWL2VPitiLu5WyiOA","hip hop,rap","hip hop, rap"
"KSHMR","2wX6xSig4Rig5kZU6ePlWe","big room, dutch house, edm, electro house, indian edm, pop dance, progressive electro house, slap house","house, electro, electro house"
"Willy William","4RSyJzf7ef6Iu2rnLdabNq","pop dance",""
"Raye","5KKpBU5eC2tJDzf0wmlRp2","uk contemporary r&b, uk pop","r&b, pop"
"William Singe","5exS0bytCYdixgv02DaCm3","pop r&b",""
"Kali Uchis","1U1el3k54VvEUzo3ybLPlM","colombian pop","pop"
"BloodPop","1okJ4NC308qbtY9LyHn6DO","electropop","electropop"
"Skip Marley","4ryoUS0W8qXokfMxrlJt6O","modern reggae","reggae"
"Justin Jesso","1QDrz3DMMaz3TB1cm0PGDu","singer-songwriter pop",""
"SZA","7tYKF4w9nC0nq9CsPZTHyP","pop, r&b, rap","pop, r&b, rap"
"Brooks","0XKOBt59crntr7HQXXO8Yz","contemporary country, country, country road","country"
"Troye Sivan","3WGpXCj9YhhfX11TToZcXP","australian pop, pop, viral pop","pop"
"Alma","6P6GTRTigHBp8ZesNtpCKH","reggaeton flow, trap latino, urbano latino","reggaeton, trap"
"21 Savage","1URnnhqYAYcrqrcwql10ft","atl hip hop, hip hop, rap","hip hop, rap"
"R3hab","6cEuCEZu7PAE9ZSzLLc2oQ","dutch house, edm, electro house, pop dance, progressive electro house, slap house","house, electro, electro house"
"Poo Bear","3JXpwnHbLvXxY99EuXqFPX","pop r&b",""
"Ryan Riback","33JQK4UoS2aMPYBfdB5Ftt","melbourne bounce","electro house"
"Emily Warren","1oKdM70mJD8VvDOTKeS8t1","nyc pop","pop"
"Mandy Díaz","5I4eibDkC7gg0hmczTZuND","dalarna indie, swedish garage rock, swedish indie rock",""
"Khalid","6LuN9FCkKOj5PcnpouEgny","pop, pop r&b","pop"
"Arkano","5ACyfaynUH9FpBaR8uZprQ","rap conciencia",""
"RK","3jFjgKOGfVLWfXX8q5wrsg","reggaeton","reggaeton"
"Trevor Guthrie","6NXk2pLFocS2OkNdT7ncBt","canadian pop","pop"
"Snova","5oOyEfGd8NxAKA41zGQhoj","latin","latin"
"Florida Georgia Line","3b8QkneNDz4JHKKKlLgYZg","contemporary country, country, country pop, country road, modern country rock","country, country pop, county rock"
"Dellafuente","4bJh7sMPcVRiqe5jlnsWQV","flamenco urbano, urbano espanol",""
"Julia Michaels","0ZED1XzwlLHW4ZaG4lOT6m","pop","pop"
"Play-N-Skillz","7MP4jhYmFEgb0AtiOkw55s","chicano rap","rap"
"Macklemore","3JhNCzhSMTxs9WLGJJxWOY","pop rap, seattle hip hop","pop rap"
"Greeicy","5dbaLmK5SHLLg8Z4CcTJpX","colombian pop, latin pop, r&b en espanol, reggaeton, reggaeton colombiano, urbano latino","pop, r&b, reggaeton"
"Black Pink","41MozSoPIsD1dJM0CLPjZF","k-pop, k-pop girl group, pop","k-pop, pop"
"Silk City","2X97ZAqRKRMYFIDqtvGgGc","edm, uk dance","electro, dance"
"Mau y Ricky","2wkoKEfS6dXwThbyTnZWFU","latin pop, pop venezolano, reggaeton, urbano latino","pop, reggaeton"
"Gigi D'Agostino","1OAjDaKgg00KCUYqDe68un","eurodance, italo dance","dance"
"Ina Wroldsen","7hssUdpvtY5oiARaUDgFZ3","norwegian pop","pop"
"Jay Martin","2ubnxlaqnBiBlfdXV5oYRH","rock en espanol","rock"
"Mala Rodríguez","3Ces1OJeGOVGcUB0wPaPXJ","latin hip hop, rap latina","hip hop, rap"
"Zonderling","0bMKf3lIYR9GaNTdFKkTOr","dutch house, electro house, progressive electro house, progressive house, sky room","house, electro house, electro"
"Nego do Borel","1B0Rp4SWGnFgGCPU5Pju6E","funk carioca, funk das antigas, funk ostentacao, funk pop, sertanejo universitario","brazilian funk, sertanejo"
"Grey","0obiwW8UEpyliJ4xhXqrra","modern country pop",""
"Miley Cyrus","5YGY8feqx7naU7z4HrwZM6","pop","pop"
"Ofenbach","4AKwRarlmsUlLjIwt38NLw","pop dance",""
"Bastille","7EQ0qTo7fWT7DPxmxtSYEc","metropopolis, modern rock, pop","other, rock, pop"
"Alessia Cara","2wUjUUtkb5lvLKcGKsKqsR","canadian contemporary r&b, canadian pop, pop","r&b, pop"
"Pedro Capó","4QVBYiagIaa6ZGSPMbybpy","latin pop, puerto rican pop","pop"
"ILIRA","6mzs66iVW15C5iLt0JLt41","albanian pop","pop"
"Sean Kingston","6S0dmVVn4udvppDhZIWxCr","dance pop, miami hip hop, pop","dance pop, hip hop, pop"
"Rag'n'Bone Man","4f9iBmdUOhQWeP7dcAn1pf","neo soul","soul"
"Reik","0vR2qb8m9WHeZ5ByCbimq2","latin arena pop, latin pop, mexican pop, reggaeton, urbano latino","pop, reggaeton"
"Jonas Brothers","7gOdHgIoIKoe4i9Tta6qdD","boy band, pop","other, pop"
"Snow","3p3jPcp8b7WL9XYj4xlsWj","alternative r&b, rap latina, trap queen","r&b, rap, trap"
"Cruz Cafuné","0jeYkqwckGJoHQhhXwgzk3","rap canario, urbano espanol",""
"Taburete","40Ippe6JeofRURQ4nbF8DT","spanish pop, spanish rock","pop"
"Whitney Houston","6XpaIBNiVzIetEPCWDvAFP","dance pop, pop","dance pop, pop"
"Madism","5UUdxfBMwm0hLlLgnZtBFv","tropical house","tropical house"
"Billy Ray Cyrus","60rpJ9SgigSd16DOAG7GSa","country rock","country rock"
"Goodboys","2nm38smINjms1LtczR0Cei","pop dance, uk dance","dance"
"Maikel Delacalle","2t7vyRN71qtQT18frElAnV","rap canario, trap latino, urbano espanol","trap"
"Sech","77ziqFxp5gaInVrF2lj4ht","panamanian pop, reggaeton, trap latino, urbano latino","pop, reggaeton, trap"
"Erika Sirola","1OHw2r7Diz2rc9JktaFV6N","finnish pop","pop"
"Normani","2cWZOOzeOm4WmBJRnD5R7I","pop, r&b","pop, r&b"
"Brendon Urie","6eYFryfcEu3QSq59D62wZQ","pop,rock,rock alternativo","pop, rock"
"Iann Dior","6ASri4ePR7RlsvIQgWPJpS","melodic rap","rap"
"Rocco Hunt","0L1f9i3L3fkMNENljDOsjG","italian adult pop, italian hip hop, italian pop, pop virale italiano, rap napoletano","hip hop, pop, rap"
"Gus Dapperton","6sHCvZe1PHrOAuYlwTLNH4","bedroom pop, indie poptimism, pov: indie","pop, indie pop"
"Tainy","0GM7qgcRCORpGnfcN2tCiB","pop reggaeton, reggaeton, trap latino, urbano latino","reggaeton, trap"
"Niño de Elche","5IbUz6BcOu6IVY512oxavP","spanish pop","pop"
"DJ FLE","2fZcYu4ltOFdwsnDmLQ9jl","hip hop,rap","hip hop, rap"
"Mozart La Para","0odliLZMTk45CEVzF3Zocl","dembow, rap dominicano","dembow, rap"
"Sinsinati","2rGri7YZ2eiCS58zgvmlQb","spanish pop","pop"
"Jawsh 685","56mfhUDKa1vec6rSLZV5Eg","nz pop","pop"
"MNEK","7uMh23xWiuR7zsNkuNcm2G","house, pop dance, uk contemporary r&b, uk dance, uk pop","house, r&b, dance, pop"
"Marcus Mumford","3bYcjbVAN3rAuU3TMzw2mB","british singer-songwriter","other"
"Nomcebo","06o0UVWbahqn46CxFcs4GO","dance,electro","electro"
"J. Rey Soul","1OB278sOZVSFx5vXqYha83","pop","pop"
"Sophie and The Giants","4FrXHrpbDLNyO3pbVv8RmF","sheffield indie","indie"
"Alida","1kiq2kUV0cbLUhJsr7cpW0","norwegian pop","pop"
"Imanbek","5rGrDvrLOV2VV8SCFVGWlj","electro house, pop dance, slap house","electro house"
"Emilee","4ArPQ1Opcksbbf3CPwEjWE","social media pop","pop"
"Zzoilo","7c53ZFyajVMTo08HmvoB6b","latin pop","pop"
"Omar Montes","3lY9Fxceu60W1rbon7PkuF","flamenco urbano, urbano espanol",""
"Tonino Baliardo","3pUWmkSef9vJOPDViYGZ5L","flamenco guitar",""
"Evaluna Montaner","52qzWdNUp6ebjcNsvgZSiC","latin viral pop, pop venezolano","pop"
"BTS","3Nrfpe0tUJi4K4DXYWgMUX","k-pop, k-pop boy group, pop","k-pop, pop"
"Giveon","4fxd5Ee7UefO4CUXgwJ7IP","r&b","r&b"
"MistaJam","3qi5fhSI6aUecvRN0XqIJ2","uk dance","dance"
"Pnau","6n28c9qs9hNGriNa72b26u","alternative dance, aussietronica, australian dance, australian electropop","dance, electro, electropop"
"Dopamine","4ZNQXRQ01g5pHkmO22QSJb","trip hop","trip hop"
"Maria Becerra","1DxLCyH42yaHKGK3cl5bvG","pop argentino, urbano latino","pop"
"The Kid LAROI","2tIP7SsRs7vjIcLrU85W8J","australian hip hop","hip hop"
"Small Jam","6c8akjSeJQw2NYemV6qVT8","reggae do maranhao, solomon islands pop",""
"Ximena Sariñana","7plUpXSFcSJUZSiZAoXqr1","cantautora mexicana, latin alternative, latin pop, mexican pop, mexican rock","indie, pop"
"Ziggy Marley","0o0rlxlC3ApLWsxFkUjMXc","reggae, roots reggae","reggae"
"PtaZeta","5UN0rzL594mWY2RbOtZqIN","rap canario",""
"Sangiovanni","7dL0nOHwnSAsNAwpkPSGWP","italian pop","pop"
"Juancho","0ZDAU5BLvLXTYqlrjW6KF1","vallenato","vallenato"
"Imagine Dragons","53XhwfbYqKCa1cC15pYq2q","modern rock, pop, rock","rock, pop"
"Duki","1bAftSH8umNcGZ0uyV7LMg","argentine hip hop, trap argentino, trap latino, trap triste, urbano latino","hip hop, trap"
"Zeper","3tNfCak31ds75TVqS3wEIL","dance,electro","electro"
"Kim Petras","3Xt3RrJMFv5SZkCfUE8C1J","alt z, dance pop, pop, transpop","dance pop, pop"
"Nicky Youre","7qmpXeNz2ojlMl2EEfkeLs","singer-songwriter pop",""
"Rels B","2IMZYfNi21MGqxopj9fWx8","r&b en espanol, spanish hip hop, trap latino, urbano espanol, urbano latino","r&b, trap"
"Mr. Rain","0RZ6Ofllu5M7EgAcjajKpM","hip hop, rap","hip hop, rap"
"Mar Lucas","7K5OqI5GnphpZMfIRs2UsI","pop","pop"
"Zecca","2FmE1yzXXBWKlRiOl0AqD8","urbana",""
"Young Miko","3qsKSpcV3ncke3hw52JSMB","trap latino, urbano latino","trap"
"Ovy On The Drums","3m5qlPf2OkihLz3dRYnkPA","colombian pop, reggaeton, reggaeton colombiano, trap latino, urbano latino","pop, reggaeton, trap"
"Davido","0Y3agQaa6g2r0YmHPOO9rh","afrobeats, afropop, azontobeats, ghanaian hip hop, nigerian pop","afropop, azonto, hip hop, pop"
"TIMØ","1KfRf4VkEYpL2G0FTWb7JX","colombian pop","pop"
"Danny Ocean","5H1nN1SzW0qNeUEZvuXjAj","pop venezolano, reggaeton, trap latino, urbano latino","reggaeton, trap"
"GALE","04pH6pkJugHJ7g3DTCQBVM","puerto rican pop","pop"
"ATL Jacob","7jAs1uPnpfNmT6e5qtEPxq","hip hop,rap","hip hop, rap"
"GARABATTO","6JaOGIlSvYswVLPmGUheOO","electro,pop","electro, pop"
